id,source_file,sequence_length,status,start_time,end_time,runtime_seconds,plddt_mean,ptm,score,passes,notes
protein_backbone_0_esm_if_001,esm_if_sequences.json,100,success,2025-10-03T14:36:17.574735,2025-10-03T14:36:26.244195,8.7,44.70,0.2633,0.374,False,"pLDDT=44.7, PTM=0.263"
protein_backbone_0_esm_if_002,esm_if_sequences.json,100,success,2025-10-03T14:36:27.035063,2025-10-03T14:36:29.360184,2.3,47.85,0.2772,0.398,False,"pLDDT=47.9, PTM=0.277"
protein_backbone_0_esm_if_003,esm_if_sequences.json,100,success,2025-10-03T14:36:30.049061,2025-10-03T14:36:32.447507,2.4,46.54,0.2457,0.378,False,"pLDDT=46.5, PTM=0.246"
protein_backbone_0_esm_if_004,esm_if_sequences.json,100,success,2025-10-03T14:36:33.710127,2025-10-03T14:36:36.052770,2.3,42.63,0.2370,0.351,False,"pLDDT=42.6, PTM=0.237"
protein_backbone_0_esm_if_005,esm_if_sequences.json,100,success,2025-10-03T14:36:36.730246,2025-10-03T14:36:39.067077,2.3,50.13,0.2798,0.413,False,"pLDDT=50.1, PTM=0.280"
protein_backbone_0_esm_if_006,esm_if_sequences.json,100,success,2025-10-03T14:36:39.759954,2025-10-03T14:36:42.102536,2.3,43.31,0.1760,0.330,False,"pLDDT=43.3, PTM=0.176"
protein_backbone_0_esm_if_007,esm_if_sequences.json,100,success,2025-10-03T14:36:42.807124,2025-10-03T14:36:45.265217,2.5,45.23,0.2589,0.375,False,"pLDDT=45.2, PTM=0.259"
protein_backbone_0_esm_if_008,esm_if_sequences.json,100,success,2025-10-03T14:36:46.178045,2025-10-03T14:36:48.520685,2.3,57.52,0.2540,0.447,False,"pLDDT=57.5, PTM=0.254"
protein_backbone_0_esm_if_009,esm_if_sequences.json,100,success,2025-10-03T14:36:49.163026,2025-10-03T14:36:51.520726,2.4,53.12,0.3392,0.454,False,"pLDDT=53.1, PTM=0.339"
protein_backbone_0_esm_if_010,esm_if_sequences.json,100,success,2025-10-03T14:36:52.167195,2025-10-03T14:36:54.525271,2.4,46.66,0.2544,0.382,False,"pLDDT=46.7, PTM=0.254"
protein_backbone_1_esm_if_001,esm_if_sequences.json,100,success,2025-10-03T14:36:55.190838,2025-10-03T14:36:57.707977,2.5,40.47,0.2001,0.323,False,"pLDDT=40.5, PTM=0.200"
protein_backbone_1_esm_if_002,esm_if_sequences.json,100,success,2025-10-03T14:36:58.342664,2025-10-03T14:37:00.722986,2.4,42.09,0.2179,0.340,False,"pLDDT=42.1, PTM=0.218"
protein_backbone_1_esm_if_003,esm_if_sequences.json,100,success,2025-10-03T14:37:01.647395,2025-10-03T14:37:04.009368,2.4,40.31,0.2246,0.332,False,"pLDDT=40.3, PTM=0.225"
protein_backbone_1_esm_if_004,esm_if_sequences.json,100,success,2025-10-03T14:37:04.669512,2025-10-03T14:37:07.048405,2.4,46.80,0.3447,0.419,False,"pLDDT=46.8, PTM=0.345"
protein_backbone_1_esm_if_005,esm_if_sequences.json,100,success,2025-10-03T14:37:07.722615,2025-10-03T14:37:10.236063,2.5,43.38,0.2282,0.352,False,"pLDDT=43.4, PTM=0.228"
protein_backbone_1_esm_if_006,esm_if_sequences.json,100,success,2025-10-03T14:37:10.888966,2025-10-03T14:37:13.280299,2.4,37.92,0.1411,0.284,False,"pLDDT=37.9, PTM=0.141"
protein_backbone_1_esm_if_007,esm_if_sequences.json,100,success,2025-10-03T14:37:13.928887,2025-10-03T14:37:16.308244,2.4,35.36,0.1591,0.276,False,"pLDDT=35.4, PTM=0.159"
protein_backbone_1_esm_if_008,esm_if_sequences.json,100,success,2025-10-03T14:37:16.981272,2025-10-03T14:37:19.372143,2.4,40.84,0.2240,0.335,False,"pLDDT=40.8, PTM=0.224"
protein_backbone_1_esm_if_009,esm_if_sequences.json,100,success,2025-10-03T14:37:20.342221,2025-10-03T14:37:22.803879,2.5,69.18,0.3365,0.550,False,"pLDDT=69.2, PTM=0.337"
protein_backbone_1_esm_if_010,esm_if_sequences.json,100,success,2025-10-03T14:37:23.485733,2025-10-03T14:37:25.882612,2.4,45.34,0.2203,0.360,False,"pLDDT=45.3, PTM=0.220"
protein_backbone_10_esm_if_001,esm_if_sequences.json,100,success,2025-10-03T14:37:26.553349,2025-10-03T14:37:28.949630,2.4,54.87,0.3845,0.483,False,"pLDDT=54.9, PTM=0.385"
protein_backbone_10_esm_if_002,esm_if_sequences.json,100,success,2025-10-03T14:37:29.944604,2025-10-03T14:37:32.448859,2.5,60.64,0.3153,0.490,False,"pLDDT=60.6, PTM=0.315"
protein_backbone_10_esm_if_003,esm_if_sequences.json,100,success,2025-10-03T14:37:33.444742,2025-10-03T14:37:35.840218,2.4,51.67,0.2877,0.425,False,"pLDDT=51.7, PTM=0.288"
protein_backbone_10_esm_if_004,esm_if_sequences.json,100,success,2025-10-03T14:37:36.509205,2025-10-03T14:37:38.897469,2.4,46.39,0.2830,0.392,False,"pLDDT=46.4, PTM=0.283"
protein_backbone_10_esm_if_005,esm_if_sequences.json,100,success,2025-10-03T14:37:39.593441,2025-10-03T14:37:41.994238,2.4,53.93,0.2857,0.438,False,"pLDDT=53.9, PTM=0.286"
protein_backbone_10_esm_if_006,esm_if_sequences.json,100,success,2025-10-03T14:37:42.641376,2025-10-03T14:37:45.197432,2.6,50.42,0.2715,0.411,False,"pLDDT=50.4, PTM=0.271"
protein_backbone_10_esm_if_007,esm_if_sequences.json,100,success,2025-10-03T14:37:45.876887,2025-10-03T14:37:48.296202,2.4,54.10,0.3323,0.458,False,"pLDDT=54.1, PTM=0.332"
protein_backbone_10_esm_if_008,esm_if_sequences.json,100,success,2025-10-03T14:37:48.974530,2025-10-03T14:37:51.394230,2.4,38.78,0.2111,0.317,False,"pLDDT=38.8, PTM=0.211"
protein_backbone_10_esm_if_009,esm_if_sequences.json,100,success,2025-10-03T14:37:52.072934,2025-10-03T14:37:54.497119,2.4,54.01,0.2968,0.443,False,"pLDDT=54.0, PTM=0.297"
protein_backbone_10_esm_if_010,esm_if_sequences.json,100,success,2025-10-03T14:37:55.199622,2025-10-03T14:37:57.754631,2.6,49.36,0.2966,0.415,False,"pLDDT=49.4, PTM=0.297"
protein_backbone_11_esm_if_001,esm_if_sequences.json,100,success,2025-10-03T14:37:58.734913,2025-10-03T14:38:01.180178,2.4,55.93,0.2158,0.422,False,"pLDDT=55.9, PTM=0.216"
protein_backbone_11_esm_if_002,esm_if_sequences.json,100,success,2025-10-03T14:38:01.835708,2025-10-03T14:38:04.275576,2.4,46.69,0.2489,0.380,False,"pLDDT=46.7, PTM=0.249"
protein_backbone_11_esm_if_003,esm_if_sequences.json,100,success,2025-10-03T14:38:04.936269,2025-10-03T14:38:07.453609,2.5,53.13,0.2871,0.434,False,"pLDDT=53.1, PTM=0.287"
protein_backbone_11_esm_if_004,esm_if_sequences.json,100,success,2025-10-03T14:38:08.474975,2025-10-03T14:38:10.950055,2.5,52.11,0.2921,0.429,False,"pLDDT=52.1, PTM=0.292"
protein_backbone_11_esm_if_005,esm_if_sequences.json,100,success,2025-10-03T14:38:11.647857,2025-10-03T14:38:14.098593,2.5,44.91,0.2412,0.366,False,"pLDDT=44.9, PTM=0.241"
protein_backbone_11_esm_if_006,esm_if_sequences.json,100,success,2025-10-03T14:38:14.805344,2025-10-03T14:38:17.259269,2.5,39.19,0.1313,0.288,False,"pLDDT=39.2, PTM=0.131"
protein_backbone_11_esm_if_007,esm_if_sequences.json,100,success,2025-10-03T14:38:17.960041,2025-10-03T14:38:20.583183,2.6,51.26,0.3024,0.429,False,"pLDDT=51.3, PTM=0.302"
protein_backbone_11_esm_if_008,esm_if_sequences.json,100,success,2025-10-03T14:38:21.348963,2025-10-03T14:38:23.807399,2.5,59.96,0.2678,0.467,False,"pLDDT=60.0, PTM=0.268"
protein_backbone_11_esm_if_009,esm_if_sequences.json,100,success,2025-10-03T14:38:24.480885,2025-10-03T14:38:26.931142,2.5,56.84,0.3386,0.476,False,"pLDDT=56.8, PTM=0.339"
protein_backbone_11_esm_if_010,esm_if_sequences.json,100,success,2025-10-03T14:38:27.583881,2025-10-03T14:38:30.028836,2.4,55.28,0.2958,0.450,False,"pLDDT=55.3, PTM=0.296"
protein_backbone_12_esm_if_001,esm_if_sequences.json,100,success,2025-10-03T14:38:31.167802,2025-10-03T14:38:33.693158,2.5,48.17,0.2559,0.391,False,"pLDDT=48.2, PTM=0.256"
protein_backbone_12_esm_if_002,esm_if_sequences.json,100,success,2025-10-03T14:38:34.385507,2025-10-03T14:38:36.817200,2.4,61.17,0.2145,0.453,False,"pLDDT=61.2, PTM=0.214"
protein_backbone_12_esm_if_003,esm_if_sequences.json,100,success,2025-10-03T14:38:37.478150,2025-10-03T14:38:39.900871,2.4,50.29,0.2291,0.393,False,"pLDDT=50.3, PTM=0.229"
protein_backbone_12_esm_if_004,esm_if_sequences.json,100,success,2025-10-03T14:38:40.578124,2025-10-03T14:38:43.078745,2.5,38.44,0.2278,0.322,False,"pLDDT=38.4, PTM=0.228"
protein_backbone_12_esm_if_005,esm_if_sequences.json,100,success,2025-10-03T14:38:44.097897,2025-10-03T14:38:46.554802,2.5,51.54,0.2630,0.414,False,"pLDDT=51.5, PTM=0.263"
protein_backbone_12_esm_if_006,esm_if_sequences.json,100,success,2025-10-03T14:38:47.224838,2025-10-03T14:38:49.669841,2.4,74.62,0.4271,0.619,False,"pLDDT=74.6, PTM=0.427"
protein_backbone_12_esm_if_007,esm_if_sequences.json,100,success,2025-10-03T14:38:50.361497,2025-10-03T14:38:52.783420,2.4,43.04,0.2440,0.356,False,"pLDDT=43.0, PTM=0.244"
protein_backbone_12_esm_if_008,esm_if_sequences.json,100,success,2025-10-03T14:38:53.495153,2025-10-03T14:38:56.096120,2.6,48.52,0.2863,0.406,False,"pLDDT=48.5, PTM=0.286"
protein_backbone_12_esm_if_009,esm_if_sequences.json,100,success,2025-10-03T14:38:56.908151,2025-10-03T14:38:59.341226,2.4,56.59,0.2558,0.442,False,"pLDDT=56.6, PTM=0.256"
protein_backbone_12_esm_if_010,esm_if_sequences.json,100,success,2025-10-03T14:39:00.282437,2025-10-03T14:39:02.701839,2.4,48.72,0.2971,0.411,False,"pLDDT=48.7, PTM=0.297"
protein_backbone_13_esm_if_001,esm_if_sequences.json,100,success,2025-10-03T14:39:03.391538,2025-10-03T14:39:05.821333,2.4,52.70,0.2390,0.412,False,"pLDDT=52.7, PTM=0.239"
protein_backbone_13_esm_if_002,esm_if_sequences.json,100,success,2025-10-03T14:39:06.544514,2025-10-03T14:39:09.075967,2.5,74.61,0.3950,0.606,False,"pLDDT=74.6, PTM=0.395"
protein_backbone_13_esm_if_003,esm_if_sequences.json,100,success,2025-10-03T14:39:09.753480,2025-10-03T14:39:12.184012,2.4,64.52,0.3510,0.527,False,"pLDDT=64.5, PTM=0.351"
protein_backbone_13_esm_if_004,esm_if_sequences.json,100,success,2025-10-03T14:39:12.873702,2025-10-03T14:39:15.305270,2.4,43.39,0.2795,0.372,False,"pLDDT=43.4, PTM=0.279"
protein_backbone_13_esm_if_005,esm_if_sequences.json,100,success,2025-10-03T14:39:15.987695,2025-10-03T14:39:18.503424,2.5,44.61,0.2185,0.355,False,"pLDDT=44.6, PTM=0.219"
protein_backbone_13_esm_if_006,esm_if_sequences.json,100,success,2025-10-03T14:39:19.503579,2025-10-03T14:39:22.016194,2.5,44.32,0.2477,0.365,False,"pLDDT=44.3, PTM=0.248"
protein_backbone_13_esm_if_007,esm_if_sequences.json,100,success,2025-10-03T14:39:22.673432,2025-10-03T14:39:25.110539,2.4,61.16,0.2521,0.468,False,"pLDDT=61.2, PTM=0.252"
protein_backbone_13_esm_if_008,esm_if_sequences.json,100,success,2025-10-03T14:39:25.773368,2025-10-03T14:39:28.237336,2.5,46.98,0.2734,0.391,False,"pLDDT=47.0, PTM=0.273"
protein_backbone_13_esm_if_009,esm_if_sequences.json,100,success,2025-10-03T14:39:28.898087,2025-10-03T14:39:31.442557,2.5,41.05,0.2324,0.339,False,"pLDDT=41.1, PTM=0.232"
protein_backbone_13_esm_if_010,esm_if_sequences.json,100,success,2025-10-03T14:39:32.609908,2025-10-03T14:39:35.037246,2.4,45.86,0.1822,0.348,False,"pLDDT=45.9, PTM=0.182"
protein_backbone_14_esm_if_001,esm_if_sequences.json,100,success,2025-10-03T14:39:35.729459,2025-10-03T14:39:38.174919,2.4,35.20,0.1873,0.286,False,"pLDDT=35.2, PTM=0.187"
protein_backbone_14_esm_if_002,esm_if_sequences.json,100,success,2025-10-03T14:39:38.843178,2025-10-03T14:39:41.288520,2.4,58.21,0.3295,0.481,False,"pLDDT=58.2, PTM=0.329"
protein_backbone_14_esm_if_003,esm_if_sequences.json,100,success,2025-10-03T14:39:41.924658,2025-10-03T14:39:44.482826,2.6,53.36,0.2683,0.428,False,"pLDDT=53.4, PTM=0.268"
protein_backbone_14_esm_if_004,esm_if_sequences.json,100,success,2025-10-03T14:39:45.157542,2025-10-03T14:39:47.745226,2.6,39.05,0.2621,0.339,False,"pLDDT=39.1, PTM=0.262"
protein_backbone_14_esm_if_005,esm_if_sequences.json,100,success,2025-10-03T14:39:48.432298,2025-10-03T14:39:50.897193,2.5,43.33,0.2401,0.356,False,"pLDDT=43.3, PTM=0.240"
protein_backbone_14_esm_if_006,esm_if_sequences.json,100,success,2025-10-03T14:39:51.552985,2025-10-03T14:39:54.068164,2.5,42.25,0.2259,0.344,False,"pLDDT=42.3, PTM=0.226"
protein_backbone_14_esm_if_007,esm_if_sequences.json,100,success,2025-10-03T14:39:55.055300,2025-10-03T14:39:57.560371,2.5,38.42,0.2288,0.322,False,"pLDDT=38.4, PTM=0.229"
protein_backbone_14_esm_if_008,esm_if_sequences.json,100,success,2025-10-03T14:39:58.208949,2025-10-03T14:40:00.649255,2.4,38.58,0.2184,0.319,False,"pLDDT=38.6, PTM=0.218"
protein_backbone_14_esm_if_009,esm_if_sequences.json,100,success,2025-10-03T14:40:01.604264,2025-10-03T14:40:04.032459,2.4,61.03,0.3631,0.511,False,"pLDDT=61.0, PTM=0.363"
protein_backbone_14_esm_if_010,esm_if_sequences.json,100,success,2025-10-03T14:40:04.700718,2025-10-03T14:40:07.296879,2.6,39.16,0.2187,0.322,False,"pLDDT=39.2, PTM=0.219"
protein_backbone_15_esm_if_001,esm_if_sequences.json,100,success,2025-10-03T14:40:08.042017,2025-10-03T14:40:10.475009,2.4,40.21,0.1964,0.320,False,"pLDDT=40.2, PTM=0.196"
protein_backbone_15_esm_if_002,esm_if_sequences.json,100,success,2025-10-03T14:40:11.154525,2025-10-03T14:40:13.597876,2.4,50.28,0.3036,0.423,False,"pLDDT=50.3, PTM=0.304"
protein_backbone_15_esm_if_003,esm_if_sequences.json,100,success,2025-10-03T14:40:14.275792,2025-10-03T14:40:16.715987,2.4,56.54,0.2674,0.446,False,"pLDDT=56.5, PTM=0.267"
protein_backbone_15_esm_if_004,esm_if_sequences.json,100,success,2025-10-03T14:40:17.336522,2025-10-03T14:40:19.910601,2.6,43.36,0.2633,0.365,False,"pLDDT=43.4, PTM=0.263"
protein_backbone_15_esm_if_005,esm_if_sequences.json,100,success,2025-10-03T14:40:20.591220,2025-10-03T14:40:23.029757,2.4,48.31,0.2792,0.402,False,"pLDDT=48.3, PTM=0.279"
protein_backbone_15_esm_if_006,esm_if_sequences.json,100,success,2025-10-03T14:40:23.687407,2025-10-03T14:40:26.125122,2.4,40.82,0.2287,0.336,False,"pLDDT=40.8, PTM=0.229"
protein_backbone_15_esm_if_007,esm_if_sequences.json,100,success,2025-10-03T14:40:26.795579,2025-10-03T14:40:29.239274,2.4,68.23,0.4101,0.573,False,"pLDDT=68.2, PTM=0.410"
protein_backbone_15_esm_if_008,esm_if_sequences.json,100,success,2025-10-03T14:40:30.148834,2025-10-03T14:40:32.658049,2.5,44.42,0.2373,0.361,False,"pLDDT=44.4, PTM=0.237"
protein_backbone_15_esm_if_009,esm_if_sequences.json,100,success,2025-10-03T14:40:33.618010,2025-10-03T14:40:36.061452,2.4,43.54,0.2482,0.361,False,"pLDDT=43.5, PTM=0.248"
protein_backbone_15_esm_if_010,esm_if_sequences.json,100,success,2025-10-03T14:40:36.709664,2025-10-03T14:40:39.151836,2.4,49.44,0.3344,0.430,False,"pLDDT=49.4, PTM=0.334"
protein_backbone_16_esm_if_001,esm_if_sequences.json,100,success,2025-10-03T14:40:39.847362,2025-10-03T14:40:42.367270,2.5,41.97,0.2558,0.354,False,"pLDDT=42.0, PTM=0.256"
protein_backbone_16_esm_if_002,esm_if_sequences.json,100,success,2025-10-03T14:40:43.296572,2025-10-03T14:40:45.726722,2.4,42.91,0.2183,0.345,False,"pLDDT=42.9, PTM=0.218"
protein_backbone_16_esm_if_003,esm_if_sequences.json,100,success,2025-10-03T14:40:46.379408,2025-10-03T14:40:48.805977,2.4,42.14,0.2528,0.354,False,"pLDDT=42.1, PTM=0.253"
protein_backbone_16_esm_if_004,esm_if_sequences.json,100,success,2025-10-03T14:40:49.469387,2025-10-03T14:40:51.898484,2.4,39.39,0.2469,0.335,False,"pLDDT=39.4, PTM=0.247"
protein_backbone_16_esm_if_005,esm_if_sequences.json,100,success,2025-10-03T14:40:52.545287,2025-10-03T14:40:55.130959,2.6,41.70,0.2268,0.341,False,"pLDDT=41.7, PTM=0.227"
protein_backbone_16_esm_if_006,esm_if_sequences.json,100,success,2025-10-03T14:40:55.828645,2025-10-03T14:40:58.272706,2.4,39.91,0.2359,0.334,False,"pLDDT=39.9, PTM=0.236"
protein_backbone_16_esm_if_007,esm_if_sequences.json,100,success,2025-10-03T14:40:58.949879,2025-10-03T14:41:01.385143,2.4,45.96,0.2648,0.382,False,"pLDDT=46.0, PTM=0.265"
protein_backbone_16_esm_if_008,esm_if_sequences.json,100,success,2025-10-03T14:41:02.340853,2025-10-03T14:41:04.767908,2.4,44.40,0.2304,0.359,False,"pLDDT=44.4, PTM=0.230"
protein_backbone_16_esm_if_009,esm_if_sequences.json,100,success,2025-10-03T14:41:05.716583,2025-10-03T14:41:08.207439,2.5,44.40,0.2436,0.364,False,"pLDDT=44.4, PTM=0.244"
protein_backbone_16_esm_if_010,esm_if_sequences.json,100,success,2025-10-03T14:41:08.876798,2025-10-03T14:41:11.300404,2.4,41.40,0.2312,0.341,False,"pLDDT=41.4, PTM=0.231"
protein_backbone_17_esm_if_001,esm_if_sequences.json,100,success,2025-10-03T14:41:11.969848,2025-10-03T14:41:14.423551,2.5,44.31,0.2483,0.365,False,"pLDDT=44.3, PTM=0.248"
protein_backbone_17_esm_if_002,esm_if_sequences.json,100,success,2025-10-03T14:41:15.111743,2025-10-03T14:41:17.639347,2.5,61.12,0.2738,0.476,False,"pLDDT=61.1, PTM=0.274"
protein_backbone_17_esm_if_003,esm_if_sequences.json,100,success,2025-10-03T14:41:18.631058,2025-10-03T14:41:21.074254,2.4,55.55,0.3605,0.478,False,"pLDDT=55.5, PTM=0.361"
protein_backbone_17_esm_if_004,esm_if_sequences.json,100,success,2025-10-03T14:41:21.732153,2025-10-03T14:41:24.170804,2.4,39.80,0.2195,0.327,False,"pLDDT=39.8, PTM=0.219"
protein_backbone_17_esm_if_005,esm_if_sequences.json,100,success,2025-10-03T14:41:24.846163,2025-10-03T14:41:27.286963,2.4,80.59,0.4190,0.651,False,"pLDDT=80.6, PTM=0.419"
protein_backbone_17_esm_if_006,esm_if_sequences.json,100,success,2025-10-03T14:41:27.962130,2025-10-03T14:41:30.518568,2.6,48.06,0.2711,0.397,False,"pLDDT=48.1, PTM=0.271"
protein_backbone_17_esm_if_007,esm_if_sequences.json,100,success,2025-10-03T14:41:31.192522,2025-10-03T14:41:33.638052,2.4,51.58,0.3251,0.440,False,"pLDDT=51.6, PTM=0.325"
protein_backbone_17_esm_if_008,esm_if_sequences.json,100,success,2025-10-03T14:41:34.599355,2025-10-03T14:41:37.039061,2.4,50.35,0.2921,0.419,False,"pLDDT=50.4, PTM=0.292"
protein_backbone_17_esm_if_009,esm_if_sequences.json,100,success,2025-10-03T14:41:37.671205,2025-10-03T14:41:40.117756,2.4,51.58,0.2531,0.411,False,"pLDDT=51.6, PTM=0.253"
protein_backbone_17_esm_if_010,esm_if_sequences.json,100,success,2025-10-03T14:41:40.960574,2025-10-03T14:41:43.490257,2.5,49.82,0.2752,0.409,False,"pLDDT=49.8, PTM=0.275"
protein_backbone_18_esm_if_001,esm_if_sequences.json,100,success,2025-10-03T14:41:44.121956,2025-10-03T14:41:46.563837,2.4,69.49,0.4209,0.585,False,"pLDDT=69.5, PTM=0.421"
protein_backbone_18_esm_if_002,esm_if_sequences.json,100,success,2025-10-03T14:41:47.182198,2025-10-03T14:41:49.626218,2.4,62.64,0.2935,0.493,False,"pLDDT=62.6, PTM=0.294"
protein_backbone_18_esm_if_003,esm_if_sequences.json,100,success,2025-10-03T14:41:50.296410,2025-10-03T14:41:52.806029,2.5,63.97,0.3498,0.524,False,"pLDDT=64.0, PTM=0.350"
protein_backbone_18_esm_if_004,esm_if_sequences.json,100,success,2025-10-03T14:41:53.790957,2025-10-03T14:41:56.230709,2.4,51.76,0.3012,0.431,False,"pLDDT=51.8, PTM=0.301"
protein_backbone_18_esm_if_005,esm_if_sequences.json,100,success,2025-10-03T14:41:56.891050,2025-10-03T14:41:59.312434,2.4,49.04,0.2472,0.393,False,"pLDDT=49.0, PTM=0.247"
protein_backbone_18_esm_if_006,esm_if_sequences.json,100,success,2025-10-03T14:41:59.978970,2025-10-03T14:42:02.407896,2.4,44.50,0.2843,0.381,False,"pLDDT=44.5, PTM=0.284"
protein_backbone_18_esm_if_007,esm_if_sequences.json,100,success,2025-10-03T14:42:03.368513,2025-10-03T14:42:05.961930,2.6,53.68,0.2827,0.435,False,"pLDDT=53.7, PTM=0.283"
protein_backbone_18_esm_if_008,esm_if_sequences.json,100,success,2025-10-03T14:42:06.617124,2025-10-03T14:42:09.053113,2.4,87.21,0.4580,0.706,False,"pLDDT=87.2, PTM=0.458"
protein_backbone_18_esm_if_009,esm_if_sequences.json,100,success,2025-10-03T14:42:09.727423,2025-10-03T14:42:12.159824,2.4,55.30,0.2764,0.442,False,"pLDDT=55.3, PTM=0.276"
protein_backbone_18_esm_if_010,esm_if_sequences.json,100,success,2025-10-03T14:42:12.804477,2025-10-03T14:42:15.243905,2.4,62.96,0.3062,0.500,False,"pLDDT=63.0, PTM=0.306"
protein_backbone_19_esm_if_001,esm_if_sequences.json,100,success,2025-10-03T14:42:15.949489,2025-10-03T14:42:18.519137,2.6,71.61,0.3021,0.551,False,"pLDDT=71.6, PTM=0.302"
protein_backbone_19_esm_if_002,esm_if_sequences.json,100,success,2025-10-03T14:42:19.174552,2025-10-03T14:42:21.612261,2.4,54.98,0.2527,0.431,False,"pLDDT=55.0, PTM=0.253"
protein_backbone_19_esm_if_003,esm_if_sequences.json,100,success,2025-10-03T14:42:22.279393,2025-10-03T14:42:24.702883,2.4,63.10,0.2789,0.490,False,"pLDDT=63.1, PTM=0.279"
protein_backbone_19_esm_if_004,esm_if_sequences.json,100,success,2025-10-03T14:42:25.351096,2025-10-03T14:42:27.802625,2.5,43.30,0.2466,0.358,False,"pLDDT=43.3, PTM=0.247"
protein_backbone_19_esm_if_005,esm_if_sequences.json,100,success,2025-10-03T14:42:28.794137,2025-10-03T14:42:31.290680,2.5,49.40,0.2513,0.397,False,"pLDDT=49.4, PTM=0.251"
protein_backbone_19_esm_if_006,esm_if_sequences.json,100,success,2025-10-03T14:42:31.946132,2025-10-03T14:42:34.374565,2.4,41.70,0.2377,0.345,False,"pLDDT=41.7, PTM=0.238"
protein_backbone_19_esm_if_007,esm_if_sequences.json,100,success,2025-10-03T14:42:35.314951,2025-10-03T14:42:37.743962,2.4,83.84,0.4168,0.670,False,"pLDDT=83.8, PTM=0.417"
protein_backbone_19_esm_if_008,esm_if_sequences.json,100,success,2025-10-03T14:42:38.414066,2025-10-03T14:42:40.967552,2.6,53.22,0.2426,0.416,False,"pLDDT=53.2, PTM=0.243"
protein_backbone_19_esm_if_009,esm_if_sequences.json,100,success,2025-10-03T14:42:41.837645,2025-10-03T14:42:44.278118,2.4,57.29,0.3234,0.473,False,"pLDDT=57.3, PTM=0.323"
protein_backbone_19_esm_if_010,esm_if_sequences.json,100,success,2025-10-03T14:42:44.955300,2025-10-03T14:42:47.399923,2.4,58.37,0.3585,0.494,False,"pLDDT=58.4, PTM=0.359"
protein_backbone_2_esm_if_001,esm_if_sequences.json,100,success,2025-10-03T14:42:48.065762,2025-10-03T14:42:50.492305,2.4,60.82,0.3236,0.494,False,"pLDDT=60.8, PTM=0.324"
protein_backbone_2_esm_if_002,esm_if_sequences.json,100,success,2025-10-03T14:42:51.183615,2025-10-03T14:42:53.767517,2.6,47.48,0.2837,0.398,False,"pLDDT=47.5, PTM=0.284"
protein_backbone_2_esm_if_003,esm_if_sequences.json,100,success,2025-10-03T14:42:54.443180,2025-10-03T14:42:56.876952,2.4,45.82,0.2679,0.382,False,"pLDDT=45.8, PTM=0.268"
protein_backbone_2_esm_if_004,esm_if_sequences.json,100,success,2025-10-03T14:42:57.545029,2025-10-03T14:42:59.985054,2.4,38.43,0.2075,0.314,False,"pLDDT=38.4, PTM=0.207"
protein_backbone_2_esm_if_005,esm_if_sequences.json,100,success,2025-10-03T14:43:00.645588,2025-10-03T14:43:03.077645,2.4,54.19,0.2252,0.415,False,"pLDDT=54.2, PTM=0.225"
protein_backbone_2_esm_if_006,esm_if_sequences.json,100,success,2025-10-03T14:43:04.329985,2025-10-03T14:43:06.827719,2.5,49.36,0.2913,0.413,False,"pLDDT=49.4, PTM=0.291"
protein_backbone_2_esm_if_007,esm_if_sequences.json,100,success,2025-10-03T14:43:07.486963,2025-10-03T14:43:09.909926,2.4,38.10,0.2015,0.309,False,"pLDDT=38.1, PTM=0.201"
protein_backbone_2_esm_if_008,esm_if_sequences.json,100,success,2025-10-03T14:43:10.541441,2025-10-03T14:43:12.975390,2.4,39.79,0.2440,0.336,False,"pLDDT=39.8, PTM=0.244"
protein_backbone_2_esm_if_009,esm_if_sequences.json,100,success,2025-10-03T14:43:13.645803,2025-10-03T14:43:16.170950,2.5,52.63,0.2814,0.428,False,"pLDDT=52.6, PTM=0.281"
protein_backbone_2_esm_if_010,esm_if_sequences.json,100,success,2025-10-03T14:43:17.135722,2025-10-03T14:43:19.573723,2.4,44.81,0.2327,0.362,False,"pLDDT=44.8, PTM=0.233"
protein_backbone_3_esm_if_001,esm_if_sequences.json,100,success,2025-10-03T14:43:20.224870,2025-10-03T14:43:22.667030,2.4,43.73,0.2593,0.366,False,"pLDDT=43.7, PTM=0.259"
protein_backbone_3_esm_if_002,esm_if_sequences.json,100,success,2025-10-03T14:43:23.332147,2025-10-03T14:43:25.765882,2.4,42.38,0.2616,0.359,False,"pLDDT=42.4, PTM=0.262"
protein_backbone_3_esm_if_003,esm_if_sequences.json,100,success,2025-10-03T14:43:26.411794,2025-10-03T14:43:28.983894,2.6,48.71,0.2755,0.402,False,"pLDDT=48.7, PTM=0.276"
protein_backbone_3_esm_if_004,esm_if_sequences.json,100,success,2025-10-03T14:43:29.641733,2025-10-03T14:43:32.073920,2.4,42.80,0.2656,0.363,False,"pLDDT=42.8, PTM=0.266"
protein_backbone_3_esm_if_005,esm_if_sequences.json,100,success,2025-10-03T14:43:32.744106,2025-10-03T14:43:35.178214,2.4,45.15,0.2708,0.379,False,"pLDDT=45.2, PTM=0.271"
protein_backbone_3_esm_if_006,esm_if_sequences.json,100,success,2025-10-03T14:43:36.149637,2025-10-03T14:43:38.576847,2.4,34.24,0.1747,0.275,False,"pLDDT=34.2, PTM=0.175"
protein_backbone_3_esm_if_007,esm_if_sequences.json,100,success,2025-10-03T14:43:39.430988,2025-10-03T14:43:41.972068,2.5,47.30,0.2763,0.394,False,"pLDDT=47.3, PTM=0.276"
protein_backbone_3_esm_if_008,esm_if_sequences.json,100,success,2025-10-03T14:43:42.600996,2025-10-03T14:43:45.038981,2.4,45.58,0.2373,0.368,False,"pLDDT=45.6, PTM=0.237"
protein_backbone_3_esm_if_009,esm_if_sequences.json,100,success,2025-10-03T14:43:45.697294,2025-10-03T14:43:48.137426,2.4,45.15,0.2584,0.374,False,"pLDDT=45.2, PTM=0.258"
protein_backbone_3_esm_if_010,esm_if_sequences.json,100,success,2025-10-03T14:43:48.796561,2025-10-03T14:43:51.305023,2.5,42.52,0.2091,0.339,False,"pLDDT=42.5, PTM=0.209"
protein_backbone_4_esm_if_001,esm_if_sequences.json,100,success,2025-10-03T14:43:52.232452,2025-10-03T14:43:54.674166,2.4,37.25,0.2313,0.316,False,"pLDDT=37.2, PTM=0.231"
protein_backbone_4_esm_if_002,esm_if_sequences.json,100,success,2025-10-03T14:43:55.337208,2025-10-03T14:43:57.761442,2.4,43.60,0.2691,0.369,False,"pLDDT=43.6, PTM=0.269"
protein_backbone_4_esm_if_003,esm_if_sequences.json,100,success,2025-10-03T14:43:58.444830,2025-10-03T14:44:00.888466,2.4,45.64,0.2680,0.381,False,"pLDDT=45.6, PTM=0.268"
protein_backbone_4_esm_if_004,esm_if_sequences.json,100,success,2025-10-03T14:44:01.550430,2025-10-03T14:44:04.144207,2.6,34.90,0.2210,0.298,False,"pLDDT=34.9, PTM=0.221"
protein_backbone_4_esm_if_005,esm_if_sequences.json,100,success,2025-10-03T14:44:05.161228,2025-10-03T14:44:07.597486,2.4,46.52,0.2737,0.389,False,"pLDDT=46.5, PTM=0.274"
protein_backbone_4_esm_if_006,esm_if_sequences.json,100,success,2025-10-03T14:44:08.277341,2025-10-03T14:44:10.715005,2.4,42.54,0.2293,0.347,False,"pLDDT=42.5, PTM=0.229"
protein_backbone_4_esm_if_007,esm_if_sequences.json,100,success,2025-10-03T14:44:11.350078,2025-10-03T14:44:13.789720,2.4,46.40,0.3091,0.402,False,"pLDDT=46.4, PTM=0.309"
protein_backbone_4_esm_if_008,esm_if_sequences.json,100,success,2025-10-03T14:44:14.469101,2025-10-03T14:44:17.030135,2.6,41.01,0.2402,0.342,False,"pLDDT=41.0, PTM=0.240"
protein_backbone_4_esm_if_009,esm_if_sequences.json,100,success,2025-10-03T14:44:17.671434,2025-10-03T14:44:20.123704,2.5,47.99,0.2911,0.404,False,"pLDDT=48.0, PTM=0.291"
protein_backbone_4_esm_if_010,esm_if_sequences.json,100,success,2025-10-03T14:44:20.770984,2025-10-03T14:44:23.207047,2.4,46.18,0.2820,0.390,False,"pLDDT=46.2, PTM=0.282"
protein_backbone_5_esm_if_001,esm_if_sequences.json,100,success,2025-10-03T14:44:23.857608,2025-10-03T14:44:26.314162,2.5,45.45,0.2585,0.376,False,"pLDDT=45.4, PTM=0.259"
protein_backbone_5_esm_if_002,esm_if_sequences.json,100,success,2025-10-03T14:44:27.308455,2025-10-03T14:44:29.818500,2.5,47.33,0.2766,0.395,False,"pLDDT=47.3, PTM=0.277"
protein_backbone_5_esm_if_003,esm_if_sequences.json,100,success,2025-10-03T14:44:30.468727,2025-10-03T14:44:32.903279,2.4,51.46,0.2694,0.417,False,"pLDDT=51.5, PTM=0.269"
protein_backbone_5_esm_if_004,esm_if_sequences.json,100,success,2025-10-03T14:44:33.873166,2025-10-03T14:44:36.455314,2.6,39.16,0.2203,0.323,False,"pLDDT=39.2, PTM=0.220"
protein_backbone_5_esm_if_005,esm_if_sequences.json,100,success,2025-10-03T14:44:37.266578,2025-10-03T14:44:39.860683,2.6,48.35,0.2452,0.388,False,"pLDDT=48.4, PTM=0.245"
protein_backbone_5_esm_if_006,esm_if_sequences.json,100,success,2025-10-03T14:44:40.608086,2025-10-03T14:44:43.024895,2.4,40.56,0.2418,0.340,False,"pLDDT=40.6, PTM=0.242"
protein_backbone_5_esm_if_007,esm_if_sequences.json,100,success,2025-10-03T14:44:43.683187,2025-10-03T14:44:46.104241,2.4,39.69,0.2311,0.331,False,"pLDDT=39.7, PTM=0.231"
protein_backbone_5_esm_if_008,esm_if_sequences.json,100,success,2025-10-03T14:44:46.788360,2025-10-03T14:44:49.217904,2.4,53.67,0.3332,0.455,False,"pLDDT=53.7, PTM=0.333"
protein_backbone_5_esm_if_009,esm_if_sequences.json,100,success,2025-10-03T14:44:49.880207,2025-10-03T14:44:52.470749,2.6,49.71,0.2806,0.410,False,"pLDDT=49.7, PTM=0.281"
protein_backbone_5_esm_if_010,esm_if_sequences.json,100,success,2025-10-03T14:44:53.100332,2025-10-03T14:44:55.531819,2.4,45.14,0.2353,0.365,False,"pLDDT=45.1, PTM=0.235"
protein_backbone_6_esm_if_001,esm_if_sequences.json,100,success,2025-10-03T14:44:56.175577,2025-10-03T14:44:58.622086,2.4,44.27,0.1165,0.312,False,"pLDDT=44.3, PTM=0.117"
protein_backbone_6_esm_if_002,esm_if_sequences.json,100,success,2025-10-03T14:44:59.263674,2025-10-03T14:45:01.689063,2.4,73.90,0.3361,0.578,False,"pLDDT=73.9, PTM=0.336"
protein_backbone_6_esm_if_003,esm_if_sequences.json,100,success,2025-10-03T14:45:02.608518,2025-10-03T14:45:05.107799,2.5,68.17,0.2734,0.518,False,"pLDDT=68.2, PTM=0.273"
protein_backbone_6_esm_if_004,esm_if_sequences.json,100,success,2025-10-03T14:45:06.034234,2025-10-03T14:45:08.453074,2.4,39.09,0.1064,0.277,False,"pLDDT=39.1, PTM=0.106"
protein_backbone_6_esm_if_005,esm_if_sequences.json,100,success,2025-10-03T14:45:09.116408,2025-10-03T14:45:11.553609,2.4,55.21,0.2266,0.422,False,"pLDDT=55.2, PTM=0.227"
protein_backbone_6_esm_if_006,esm_if_sequences.json,100,success,2025-10-03T14:45:12.204576,2025-10-03T14:45:14.724455,2.5,45.77,0.1190,0.322,False,"pLDDT=45.8, PTM=0.119"
protein_backbone_6_esm_if_007,esm_if_sequences.json,100,success,2025-10-03T14:45:15.679705,2025-10-03T14:45:18.105080,2.4,56.34,0.2116,0.423,False,"pLDDT=56.3, PTM=0.212"
protein_backbone_6_esm_if_008,esm_if_sequences.json,100,success,2025-10-03T14:45:18.743124,2025-10-03T14:45:21.187260,2.4,44.10,0.1546,0.326,False,"pLDDT=44.1, PTM=0.155"
protein_backbone_6_esm_if_009,esm_if_sequences.json,100,success,2025-10-03T14:45:21.881166,2025-10-03T14:45:24.306439,2.4,46.20,0.1332,0.331,False,"pLDDT=46.2, PTM=0.133"
protein_backbone_6_esm_if_010,esm_if_sequences.json,100,success,2025-10-03T14:45:24.978321,2025-10-03T14:45:27.559715,2.6,42.59,0.1548,0.317,False,"pLDDT=42.6, PTM=0.155"
protein_backbone_7_esm_if_001,esm_if_sequences.json,100,success,2025-10-03T14:45:28.228316,2025-10-03T14:45:30.667605,2.4,59.29,0.3958,0.514,False,"pLDDT=59.3, PTM=0.396"
protein_backbone_7_esm_if_002,esm_if_sequences.json,100,success,2025-10-03T14:45:31.299348,2025-10-03T14:45:33.742348,2.4,55.31,0.2996,0.452,False,"pLDDT=55.3, PTM=0.300"
protein_backbone_7_esm_if_003,esm_if_sequences.json,100,success,2025-10-03T14:45:34.387308,2025-10-03T14:45:36.824245,2.4,48.22,0.2592,0.393,False,"pLDDT=48.2, PTM=0.259"
protein_backbone_7_esm_if_004,esm_if_sequences.json,100,success,2025-10-03T14:45:38.011757,2025-10-03T14:45:40.555367,2.5,43.40,0.2480,0.360,False,"pLDDT=43.4, PTM=0.248"
protein_backbone_7_esm_if_005,esm_if_sequences.json,100,success,2025-10-03T14:45:41.207666,2025-10-03T14:45:43.652346,2.4,44.90,0.2694,0.377,False,"pLDDT=44.9, PTM=0.269"
protein_backbone_7_esm_if_006,esm_if_sequences.json,100,success,2025-10-03T14:45:44.270761,2025-10-03T14:45:46.712731,2.4,60.32,0.3221,0.491,False,"pLDDT=60.3, PTM=0.322"
protein_backbone_7_esm_if_007,esm_if_sequences.json,100,success,2025-10-03T14:45:47.354399,2025-10-03T14:45:49.855297,2.5,44.95,0.2333,0.363,False,"pLDDT=45.0, PTM=0.233"
protein_backbone_7_esm_if_008,esm_if_sequences.json,100,success,2025-10-03T14:45:50.841473,2025-10-03T14:45:53.285853,2.4,53.85,0.3446,0.461,False,"pLDDT=53.9, PTM=0.345"
protein_backbone_7_esm_if_009,esm_if_sequences.json,100,success,2025-10-03T14:45:53.925993,2025-10-03T14:45:56.356246,2.4,51.27,0.2996,0.427,False,"pLDDT=51.3, PTM=0.300"
protein_backbone_7_esm_if_010,esm_if_sequences.json,100,success,2025-10-03T14:45:57.027557,2025-10-03T14:45:59.447393,2.4,56.66,0.4461,0.518,False,"pLDDT=56.7, PTM=0.446"
protein_backbone_8_esm_if_001,esm_if_sequences.json,100,success,2025-10-03T14:46:00.104689,2025-10-03T14:46:02.685026,2.6,40.22,0.2107,0.326,False,"pLDDT=40.2, PTM=0.211"
protein_backbone_8_esm_if_002,esm_if_sequences.json,100,success,2025-10-03T14:46:03.498655,2025-10-03T14:46:05.930692,2.4,48.52,0.2351,0.385,False,"pLDDT=48.5, PTM=0.235"
protein_backbone_8_esm_if_003,esm_if_sequences.json,100,success,2025-10-03T14:46:06.881410,2025-10-03T14:46:09.319251,2.4,38.75,0.2226,0.322,False,"pLDDT=38.7, PTM=0.223"
protein_backbone_8_esm_if_004,esm_if_sequences.json,100,success,2025-10-03T14:46:09.994113,2025-10-03T14:46:12.431250,2.4,47.45,0.2963,0.403,False,"pLDDT=47.5, PTM=0.296"
protein_backbone_8_esm_if_005,esm_if_sequences.json,100,success,2025-10-03T14:46:13.138703,2025-10-03T14:46:15.680840,2.5,51.66,0.2968,0.429,False,"pLDDT=51.7, PTM=0.297"
protein_backbone_8_esm_if_006,esm_if_sequences.json,100,success,2025-10-03T14:46:16.304716,2025-10-03T14:46:18.744965,2.4,47.24,0.2348,0.377,False,"pLDDT=47.2, PTM=0.235"
protein_backbone_8_esm_if_007,esm_if_sequences.json,100,success,2025-10-03T14:46:19.397516,2025-10-03T14:46:21.840418,2.4,50.29,0.2968,0.420,False,"pLDDT=50.3, PTM=0.297"
protein_backbone_8_esm_if_008,esm_if_sequences.json,100,success,2025-10-03T14:46:22.498140,2025-10-03T14:46:24.983314,2.5,47.38,0.3154,0.410,False,"pLDDT=47.4, PTM=0.315"
protein_backbone_8_esm_if_009,esm_if_sequences.json,100,success,2025-10-03T14:46:25.937275,2025-10-03T14:46:28.439462,2.5,67.15,0.3576,0.546,False,"pLDDT=67.2, PTM=0.358"
protein_backbone_8_esm_if_010,esm_if_sequences.json,100,success,2025-10-03T14:46:29.068725,2025-10-03T14:46:31.496511,2.4,46.74,0.2815,0.393,False,"pLDDT=46.7, PTM=0.282"
protein_backbone_9_esm_if_001,esm_if_sequences.json,100,success,2025-10-03T14:46:32.160082,2025-10-03T14:46:34.589699,2.4,57.04,0.2963,0.461,False,"pLDDT=57.0, PTM=0.296"
protein_backbone_9_esm_if_002,esm_if_sequences.json,100,success,2025-10-03T14:46:35.217334,2025-10-03T14:46:37.747315,2.5,44.72,0.2520,0.369,False,"pLDDT=44.7, PTM=0.252"
protein_backbone_9_esm_if_003,esm_if_sequences.json,100,success,2025-10-03T14:46:38.961669,2025-10-03T14:46:41.399576,2.4,63.25,0.3303,0.512,False,"pLDDT=63.3, PTM=0.330"
protein_backbone_9_esm_if_004,esm_if_sequences.json,100,success,2025-10-03T14:46:42.070752,2025-10-03T14:46:44.492491,2.4,47.22,0.2680,0.390,False,"pLDDT=47.2, PTM=0.268"
protein_backbone_9_esm_if_005,esm_if_sequences.json,100,success,2025-10-03T14:46:45.152750,2025-10-03T14:46:47.598924,2.4,51.39,0.2526,0.409,False,"pLDDT=51.4, PTM=0.253"
protein_backbone_9_esm_if_006,esm_if_sequences.json,100,success,2025-10-03T14:46:48.255282,2025-10-03T14:46:50.835825,2.6,36.48,0.2018,0.300,False,"pLDDT=36.5, PTM=0.202"
protein_backbone_9_esm_if_007,esm_if_sequences.json,100,success,2025-10-03T14:46:51.486125,2025-10-03T14:46:53.909259,2.4,50.93,0.2056,0.388,False,"pLDDT=50.9, PTM=0.206"
protein_backbone_9_esm_if_008,esm_if_sequences.json,100,success,2025-10-03T14:46:54.575388,2025-10-03T14:46:56.994290,2.4,34.51,0.2057,0.289,False,"pLDDT=34.5, PTM=0.206"
protein_backbone_9_esm_if_009,esm_if_sequences.json,100,success,2025-10-03T14:46:57.648570,2025-10-03T14:47:00.069255,2.4,58.55,0.3273,0.482,False,"pLDDT=58.5, PTM=0.327"
protein_backbone_9_esm_if_010,esm_if_sequences.json,100,success,2025-10-03T14:47:00.885320,2025-10-03T14:47:03.438494,2.6,50.04,0.2554,0.402,False,"pLDDT=50.0, PTM=0.255"
backbone_backbone_0000_proteinmpnn_001,proteinmpnn_sequences.json,100,success,2025-10-03T14:47:04.084904,2025-10-03T14:47:06.517345,2.4,63.77,0.2319,0.475,False,"pLDDT=63.8, PTM=0.232"
backbone_backbone_0000_proteinmpnn_002,proteinmpnn_sequences.json,100,success,2025-10-03T14:47:07.454296,2025-10-03T14:47:09.876895,2.4,73.35,0.3284,0.571,False,"pLDDT=73.4, PTM=0.328"
backbone_backbone_0000_proteinmpnn_003,proteinmpnn_sequences.json,100,success,2025-10-03T14:47:10.503294,2025-10-03T14:47:13.000110,2.5,66.00,0.2282,0.487,False,"pLDDT=66.0, PTM=0.228"
backbone_backbone_0000_proteinmpnn_004,proteinmpnn_sequences.json,100,success,2025-10-03T14:47:13.961098,2025-10-03T14:47:16.402718,2.4,68.76,0.4847,0.606,False,"pLDDT=68.8, PTM=0.485"
backbone_backbone_0000_proteinmpnn_005,proteinmpnn_sequences.json,100,success,2025-10-03T14:47:17.052678,2025-10-03T14:47:19.479463,2.4,62.79,0.2074,0.460,False,"pLDDT=62.8, PTM=0.207"
backbone_backbone_0000_proteinmpnn_006,proteinmpnn_sequences.json,100,success,2025-10-03T14:47:20.160977,2025-10-03T14:47:22.584885,2.4,63.80,0.2140,0.468,False,"pLDDT=63.8, PTM=0.214"
backbone_backbone_0000_proteinmpnn_007,proteinmpnn_sequences.json,100,success,2025-10-03T14:47:23.236974,2025-10-03T14:47:25.816868,2.6,65.19,0.2186,0.479,False,"pLDDT=65.2, PTM=0.219"
backbone_backbone_0000_proteinmpnn_008,proteinmpnn_sequences.json,100,success,2025-10-03T14:47:26.551588,2025-10-03T14:47:28.987738,2.4,78.32,0.3220,0.599,False,"pLDDT=78.3, PTM=0.322"
backbone_backbone_0001_proteinmpnn_001,proteinmpnn_sequences.json,100,success,2025-10-03T14:47:29.646716,2025-10-03T14:47:32.088862,2.4,54.72,0.1867,0.403,False,"pLDDT=54.7, PTM=0.187"
backbone_backbone_0001_proteinmpnn_002,proteinmpnn_sequences.json,100,success,2025-10-03T14:47:32.752160,2025-10-03T14:47:35.191504,2.4,57.28,0.2131,0.429,False,"pLDDT=57.3, PTM=0.213"
backbone_backbone_0001_proteinmpnn_003,proteinmpnn_sequences.json,100,success,2025-10-03T14:47:35.846705,2025-10-03T14:47:38.382344,2.5,59.33,0.2106,0.440,False,"pLDDT=59.3, PTM=0.211"
backbone_backbone_0001_proteinmpnn_004,proteinmpnn_sequences.json,100,success,2025-10-03T14:47:39.342985,2025-10-03T14:47:41.804438,2.5,56.47,0.2290,0.430,False,"pLDDT=56.5, PTM=0.229"
backbone_backbone_0001_proteinmpnn_005,proteinmpnn_sequences.json,100,success,2025-10-03T14:47:42.446708,2025-10-03T14:47:44.882409,2.4,59.42,0.2633,0.462,False,"pLDDT=59.4, PTM=0.263"
backbone_backbone_0001_proteinmpnn_006,proteinmpnn_sequences.json,100,success,2025-10-03T14:47:45.525109,2025-10-03T14:47:48.025926,2.5,47.60,0.2228,0.375,False,"pLDDT=47.6, PTM=0.223"
backbone_backbone_0001_proteinmpnn_007,proteinmpnn_sequences.json,100,success,2025-10-03T14:47:48.977048,2025-10-03T14:47:51.452381,2.5,56.28,0.2226,0.427,False,"pLDDT=56.3, PTM=0.223"
backbone_backbone_0001_proteinmpnn_008,proteinmpnn_sequences.json,100,success,2025-10-03T14:47:52.102324,2025-10-03T14:47:54.530419,2.4,56.37,0.2351,0.432,False,"pLDDT=56.4, PTM=0.235"
backbone_backbone_0002_proteinmpnn_001,proteinmpnn_sequences.json,100,success,2025-10-03T14:47:55.187586,2025-10-03T14:47:57.608494,2.4,49.63,0.1178,0.345,False,"pLDDT=49.6, PTM=0.118"
backbone_backbone_0002_proteinmpnn_002,proteinmpnn_sequences.json,100,success,2025-10-03T14:47:58.239168,2025-10-03T14:48:00.766391,2.5,45.66,0.1311,0.326,False,"pLDDT=45.7, PTM=0.131"
backbone_backbone_0002_proteinmpnn_003,proteinmpnn_sequences.json,100,success,2025-10-03T14:48:01.702598,2025-10-03T14:48:04.121154,2.4,49.44,0.1774,0.368,False,"pLDDT=49.4, PTM=0.177"
backbone_backbone_0002_proteinmpnn_004,proteinmpnn_sequences.json,100,success,2025-10-03T14:48:04.793284,2025-10-03T14:48:07.213087,2.4,49.30,0.1982,0.375,False,"pLDDT=49.3, PTM=0.198"
backbone_backbone_0002_proteinmpnn_005,proteinmpnn_sequences.json,100,success,2025-10-03T14:48:08.198302,2025-10-03T14:48:10.627895,2.4,43.82,0.1896,0.339,False,"pLDDT=43.8, PTM=0.190"
backbone_backbone_0002_proteinmpnn_006,proteinmpnn_sequences.json,100,success,2025-10-03T14:48:11.289732,2025-10-03T14:48:13.853481,2.6,43.74,0.1134,0.308,False,"pLDDT=43.7, PTM=0.113"
backbone_backbone_0002_proteinmpnn_007,proteinmpnn_sequences.json,100,success,2025-10-03T14:48:14.532599,2025-10-03T14:48:16.947481,2.4,44.64,0.1327,0.321,False,"pLDDT=44.6, PTM=0.133"
backbone_backbone_0002_proteinmpnn_008,proteinmpnn_sequences.json,100,success,2025-10-03T14:48:17.609004,2025-10-03T14:48:20.030949,2.4,46.35,0.1403,0.334,False,"pLDDT=46.4, PTM=0.140"
backbone_backbone_0003_proteinmpnn_001,proteinmpnn_sequences.json,100,success,2025-10-03T14:48:20.696363,2025-10-03T14:48:23.116357,2.4,41.23,0.1975,0.326,False,"pLDDT=41.2, PTM=0.197"
backbone_backbone_0003_proteinmpnn_002,proteinmpnn_sequences.json,100,success,2025-10-03T14:48:24.048620,2025-10-03T14:48:26.542034,2.5,52.91,0.1690,0.385,False,"pLDDT=52.9, PTM=0.169"
backbone_backbone_0003_proteinmpnn_003,proteinmpnn_sequences.json,100,success,2025-10-03T14:48:27.211369,2025-10-03T14:48:29.651048,2.4,46.41,0.1484,0.338,False,"pLDDT=46.4, PTM=0.148"
backbone_backbone_0003_proteinmpnn_004,proteinmpnn_sequences.json,100,success,2025-10-03T14:48:30.320328,2025-10-03T14:48:32.751287,2.4,45.97,0.2555,0.378,False,"pLDDT=46.0, PTM=0.255"
backbone_backbone_0003_proteinmpnn_005,proteinmpnn_sequences.json,100,success,2025-10-03T14:48:33.417934,2025-10-03T14:48:35.964173,2.5,41.20,0.2195,0.335,False,"pLDDT=41.2, PTM=0.219"
backbone_backbone_0003_proteinmpnn_006,proteinmpnn_sequences.json,100,success,2025-10-03T14:48:37.008497,2025-10-03T14:48:39.445554,2.4,38.93,0.1588,0.297,False,"pLDDT=38.9, PTM=0.159"
backbone_backbone_0003_proteinmpnn_007,proteinmpnn_sequences.json,100,success,2025-10-03T14:48:40.419837,2025-10-03T14:48:42.844829,2.4,52.95,0.0981,0.357,False,"pLDDT=53.0, PTM=0.098"
backbone_backbone_0003_proteinmpnn_008,proteinmpnn_sequences.json,100,success,2025-10-03T14:48:43.569323,2025-10-03T14:48:45.999095,2.4,43.67,0.1895,0.338,False,"pLDDT=43.7, PTM=0.189"
backbone_backbone_0004_proteinmpnn_001,proteinmpnn_sequences.json,100,success,2025-10-03T14:48:46.675547,2025-10-03T14:48:49.258009,2.6,64.93,0.2384,0.485,False,"pLDDT=64.9, PTM=0.238"
backbone_backbone_0004_proteinmpnn_002,proteinmpnn_sequences.json,100,success,2025-10-03T14:48:49.924811,2025-10-03T14:48:52.361661,2.4,58.56,0.3403,0.487,False,"pLDDT=58.6, PTM=0.340"
backbone_backbone_0004_proteinmpnn_003,proteinmpnn_sequences.json,100,success,2025-10-03T14:48:53.002928,2025-10-03T14:48:55.440843,2.4,49.63,0.2660,0.404,False,"pLDDT=49.6, PTM=0.266"
backbone_backbone_0004_proteinmpnn_004,proteinmpnn_sequences.json,100,success,2025-10-03T14:48:56.086550,2025-10-03T14:48:58.511748,2.4,62.81,0.4044,0.539,False,"pLDDT=62.8, PTM=0.404"
backbone_backbone_0004_proteinmpnn_005,proteinmpnn_sequences.json,100,success,2025-10-03T14:48:59.387056,2025-10-03T14:49:01.957054,2.6,58.65,0.2544,0.454,False,"pLDDT=58.6, PTM=0.254"
backbone_backbone_0004_proteinmpnn_006,proteinmpnn_sequences.json,100,success,2025-10-03T14:49:02.581021,2025-10-03T14:49:05.014711,2.4,62.30,0.3252,0.504,False,"pLDDT=62.3, PTM=0.325"
backbone_backbone_0004_proteinmpnn_007,proteinmpnn_sequences.json,100,success,2025-10-03T14:49:05.654930,2025-10-03T14:49:08.090040,2.4,69.54,0.4046,0.579,False,"pLDDT=69.5, PTM=0.405"
backbone_backbone_0004_proteinmpnn_008,proteinmpnn_sequences.json,100,success,2025-10-03T14:49:09.055525,2025-10-03T14:49:11.583491,2.5,55.89,0.2194,0.423,False,"pLDDT=55.9, PTM=0.219"
backbone_backbone_0005_proteinmpnn_001,proteinmpnn_sequences.json,100,success,2025-10-03T14:49:12.577973,2025-10-03T14:49:15.011746,2.4,67.40,0.3109,0.529,False,"pLDDT=67.4, PTM=0.311"
backbone_backbone_0005_proteinmpnn_002,proteinmpnn_sequences.json,100,success,2025-10-03T14:49:15.655096,2025-10-03T14:49:18.091306,2.4,82.61,0.3840,0.649,False,"pLDDT=82.6, PTM=0.384"
backbone_backbone_0005_proteinmpnn_003,proteinmpnn_sequences.json,100,success,2025-10-03T14:49:18.760959,2025-10-03T14:49:21.203117,2.4,57.25,0.2193,0.431,False,"pLDDT=57.3, PTM=0.219"
backbone_backbone_0005_proteinmpnn_004,proteinmpnn_sequences.json,100,success,2025-10-03T14:49:21.874059,2025-10-03T14:49:24.426547,2.6,56.71,0.2228,0.429,False,"pLDDT=56.7, PTM=0.223"
backbone_backbone_0005_proteinmpnn_005,proteinmpnn_sequences.json,100,success,2025-10-03T14:49:25.091590,2025-10-03T14:49:27.607572,2.5,69.50,0.2846,0.531,False,"pLDDT=69.5, PTM=0.285"
backbone_backbone_0005_proteinmpnn_006,proteinmpnn_sequences.json,100,success,2025-10-03T14:49:28.615492,2025-10-03T14:49:31.073764,2.5,62.45,0.2716,0.483,False,"pLDDT=62.5, PTM=0.272"
backbone_backbone_0005_proteinmpnn_007,proteinmpnn_sequences.json,100,success,2025-10-03T14:49:31.742668,2025-10-03T14:49:34.190238,2.4,67.73,0.2456,0.505,False,"pLDDT=67.7, PTM=0.246"
backbone_backbone_0005_proteinmpnn_008,proteinmpnn_sequences.json,100,success,2025-10-03T14:49:35.122836,2025-10-03T14:49:37.618525,2.5,61.36,0.2919,0.485,False,"pLDDT=61.4, PTM=0.292"
backbone_backbone_0006_proteinmpnn_001,proteinmpnn_sequences.json,100,success,2025-10-03T14:49:38.251959,2025-10-03T14:49:40.680071,2.4,69.63,0.5637,0.643,False,"pLDDT=69.6, PTM=0.564"
backbone_backbone_0006_proteinmpnn_002,proteinmpnn_sequences.json,100,success,2025-10-03T14:49:41.622875,2025-10-03T14:49:44.052613,2.4,49.74,0.2139,0.384,False,"pLDDT=49.7, PTM=0.214"
backbone_backbone_0006_proteinmpnn_003,proteinmpnn_sequences.json,100,success,2025-10-03T14:49:44.735509,2025-10-03T14:49:47.265064,2.5,62.38,0.2215,0.463,False,"pLDDT=62.4, PTM=0.222"
backbone_backbone_0006_proteinmpnn_004,proteinmpnn_sequences.json,100,success,2025-10-03T14:49:48.247369,2025-10-03T14:49:50.683003,2.4,71.78,0.5791,0.662,True,"pLDDT=71.8, PTM=0.579"
backbone_backbone_0006_proteinmpnn_005,proteinmpnn_sequences.json,100,success,2025-10-03T14:49:51.330952,2025-10-03T14:49:53.769282,2.4,78.83,0.7025,0.754,True,"pLDDT=78.8, PTM=0.702"
backbone_backbone_0006_proteinmpnn_006,proteinmpnn_sequences.json,100,success,2025-10-03T14:49:54.398699,2025-10-03T14:49:56.839217,2.4,62.15,0.4609,0.557,False,"pLDDT=62.1, PTM=0.461"
backbone_backbone_0006_proteinmpnn_007,proteinmpnn_sequences.json,100,success,2025-10-03T14:49:57.476593,2025-10-03T14:50:00.022093,2.5,60.66,0.4156,0.530,False,"pLDDT=60.7, PTM=0.416"
backbone_backbone_0006_proteinmpnn_008,proteinmpnn_sequences.json,100,success,2025-10-03T14:50:00.674465,2025-10-03T14:50:03.136302,2.5,69.49,0.5226,0.626,False,"pLDDT=69.5, PTM=0.523"
backbone_backbone_0007_proteinmpnn_001,proteinmpnn_sequences.json,100,success,2025-10-03T14:50:03.770424,2025-10-03T14:50:06.207615,2.4,66.05,0.2413,0.493,False,"pLDDT=66.0, PTM=0.241"
backbone_backbone_0007_proteinmpnn_002,proteinmpnn_sequences.json,100,success,2025-10-03T14:50:06.837187,2025-10-03T14:50:09.278384,2.4,66.00,0.2072,0.479,False,"pLDDT=66.0, PTM=0.207"
backbone_backbone_0007_proteinmpnn_003,proteinmpnn_sequences.json,100,success,2025-10-03T14:50:10.466150,2025-10-03T14:50:12.997326,2.5,66.07,0.2095,0.480,False,"pLDDT=66.1, PTM=0.210"
backbone_backbone_0007_proteinmpnn_004,proteinmpnn_sequences.json,100,success,2025-10-03T14:50:13.666661,2025-10-03T14:50:16.087302,2.4,63.94,0.2195,0.471,False,"pLDDT=63.9, PTM=0.219"
backbone_backbone_0007_proteinmpnn_005,proteinmpnn_sequences.json,100,success,2025-10-03T14:50:16.733427,2025-10-03T14:50:19.154278,2.4,64.79,0.2327,0.482,False,"pLDDT=64.8, PTM=0.233"
backbone_backbone_0007_proteinmpnn_006,proteinmpnn_sequences.json,100,success,2025-10-03T14:50:19.835144,2025-10-03T14:50:22.315361,2.5,74.77,0.2984,0.568,False,"pLDDT=74.8, PTM=0.298"
backbone_backbone_0007_proteinmpnn_007,proteinmpnn_sequences.json,100,success,2025-10-03T14:50:23.264814,2025-10-03T14:50:25.704799,2.4,72.40,0.2385,0.530,False,"pLDDT=72.4, PTM=0.238"
backbone_backbone_0007_proteinmpnn_008,proteinmpnn_sequences.json,100,success,2025-10-03T14:50:26.374150,2025-10-03T14:50:28.798154,2.4,62.53,0.2032,0.456,False,"pLDDT=62.5, PTM=0.203"
backbone_backbone_0008_proteinmpnn_001,proteinmpnn_sequences.json,100,success,2025-10-03T14:50:29.459542,2025-10-03T14:50:31.890762,2.4,57.71,0.2087,0.430,False,"pLDDT=57.7, PTM=0.209"
backbone_backbone_0008_proteinmpnn_002,proteinmpnn_sequences.json,100,success,2025-10-03T14:50:32.565157,2025-10-03T14:50:35.141206,2.6,47.87,0.1138,0.333,False,"pLDDT=47.9, PTM=0.114"
backbone_backbone_0008_proteinmpnn_003,proteinmpnn_sequences.json,100,success,2025-10-03T14:50:35.955737,2025-10-03T14:50:38.391661,2.4,49.43,0.1288,0.348,False,"pLDDT=49.4, PTM=0.129"
backbone_backbone_0008_proteinmpnn_004,proteinmpnn_sequences.json,100,success,2025-10-03T14:50:39.036953,2025-10-03T14:50:41.457009,2.4,45.86,0.1516,0.336,False,"pLDDT=45.9, PTM=0.152"
backbone_backbone_0008_proteinmpnn_005,proteinmpnn_sequences.json,100,success,2025-10-03T14:50:42.398050,2025-10-03T14:50:44.834497,2.4,52.13,0.1303,0.365,False,"pLDDT=52.1, PTM=0.130"
backbone_backbone_0008_proteinmpnn_006,proteinmpnn_sequences.json,100,success,2025-10-03T14:50:45.480221,2025-10-03T14:50:48.039374,2.6,49.00,0.1097,0.338,False,"pLDDT=49.0, PTM=0.110"
backbone_backbone_0008_proteinmpnn_007,proteinmpnn_sequences.json,100,success,2025-10-03T14:50:48.696278,2025-10-03T14:50:51.130128,2.4,48.40,0.1204,0.339,False,"pLDDT=48.4, PTM=0.120"
backbone_backbone_0008_proteinmpnn_008,proteinmpnn_sequences.json,100,success,2025-10-03T14:50:51.774825,2025-10-03T14:50:54.207599,2.4,49.57,0.1728,0.367,False,"pLDDT=49.6, PTM=0.173"
backbone_backbone_0009_proteinmpnn_001,proteinmpnn_sequences.json,100,success,2025-10-03T14:50:54.860987,2025-10-03T14:50:57.314662,2.5,51.11,0.2131,0.392,False,"pLDDT=51.1, PTM=0.213"
backbone_backbone_0009_proteinmpnn_002,proteinmpnn_sequences.json,100,success,2025-10-03T14:50:58.295260,2025-10-03T14:51:00.807410,2.5,60.16,0.4081,0.524,False,"pLDDT=60.2, PTM=0.408"
backbone_backbone_0009_proteinmpnn_003,proteinmpnn_sequences.json,100,success,2025-10-03T14:51:01.462989,2025-10-03T14:51:03.896151,2.4,61.57,0.3002,0.490,False,"pLDDT=61.6, PTM=0.300"
backbone_backbone_0009_proteinmpnn_004,proteinmpnn_sequences.json,100,success,2025-10-03T14:51:04.570048,2025-10-03T14:51:06.998933,2.4,52.41,0.1705,0.383,False,"pLDDT=52.4, PTM=0.170"
backbone_backbone_0009_proteinmpnn_005,proteinmpnn_sequences.json,100,success,2025-10-03T14:51:07.632386,2025-10-03T14:51:10.162719,2.5,57.88,0.3065,0.470,False,"pLDDT=57.9, PTM=0.307"
backbone_backbone_0009_proteinmpnn_006,proteinmpnn_sequences.json,100,success,2025-10-03T14:51:11.369309,2025-10-03T14:51:13.816144,2.4,45.12,0.2299,0.363,False,"pLDDT=45.1, PTM=0.230"
backbone_backbone_0009_proteinmpnn_007,proteinmpnn_sequences.json,100,success,2025-10-03T14:51:14.470731,2025-10-03T14:51:16.906656,2.4,69.80,0.3172,0.546,False,"pLDDT=69.8, PTM=0.317"
backbone_backbone_0009_proteinmpnn_008,proteinmpnn_sequences.json,100,success,2025-10-03T14:51:17.568794,2025-10-03T14:51:19.998274,2.4,44.71,0.2128,0.353,False,"pLDDT=44.7, PTM=0.213"
backbone_backbone_0010_proteinmpnn_001,proteinmpnn_sequences.json,100,success,2025-10-03T14:51:20.640839,2025-10-03T14:51:23.232754,2.6,79.97,0.5282,0.691,True,"pLDDT=80.0, PTM=0.528"
backbone_backbone_0010_proteinmpnn_002,proteinmpnn_sequences.json,100,success,2025-10-03T14:51:23.869567,2025-10-03T14:51:26.302999,2.4,73.54,0.3795,0.593,False,"pLDDT=73.5, PTM=0.380"
backbone_backbone_0010_proteinmpnn_003,proteinmpnn_sequences.json,100,success,2025-10-03T14:51:26.958521,2025-10-03T14:51:29.403105,2.4,84.20,0.4712,0.694,False,"pLDDT=84.2, PTM=0.471"
backbone_backbone_0010_proteinmpnn_004,proteinmpnn_sequences.json,100,success,2025-10-03T14:51:30.044175,2025-10-03T14:51:32.476467,2.4,81.11,0.4263,0.657,False,"pLDDT=81.1, PTM=0.426"
backbone_backbone_0010_proteinmpnn_005,proteinmpnn_sequences.json,100,success,2025-10-03T14:51:33.303487,2025-10-03T14:51:35.865502,2.6,77.65,0.5845,0.700,True,"pLDDT=77.7, PTM=0.585"
backbone_backbone_0010_proteinmpnn_006,proteinmpnn_sequences.json,100,success,2025-10-03T14:51:36.516764,2025-10-03T14:51:38.937396,2.4,57.87,0.1938,0.425,False,"pLDDT=57.9, PTM=0.194"
backbone_backbone_0010_proteinmpnn_007,proteinmpnn_sequences.json,100,success,2025-10-03T14:51:39.570190,2025-10-03T14:51:41.994946,2.4,67.94,0.3001,0.528,False,"pLDDT=67.9, PTM=0.300"
backbone_backbone_0010_proteinmpnn_008,proteinmpnn_sequences.json,100,success,2025-10-03T14:51:42.955317,2025-10-03T14:51:45.501341,2.5,66.76,0.3712,0.549,False,"pLDDT=66.8, PTM=0.371"
backbone_backbone_0011_proteinmpnn_001,proteinmpnn_sequences.json,100,success,2025-10-03T14:51:46.530296,2025-10-03T14:51:48.969813,2.4,70.93,0.3238,0.555,False,"pLDDT=70.9, PTM=0.324"
backbone_backbone_0011_proteinmpnn_002,proteinmpnn_sequences.json,100,success,2025-10-03T14:51:49.643211,2025-10-03T14:51:52.067215,2.4,64.73,0.3375,0.523,False,"pLDDT=64.7, PTM=0.338"
backbone_backbone_0011_proteinmpnn_003,proteinmpnn_sequences.json,100,success,2025-10-03T14:51:52.751707,2025-10-03T14:51:55.186125,2.4,71.82,0.2847,0.545,False,"pLDDT=71.8, PTM=0.285"
backbone_backbone_0011_proteinmpnn_004,proteinmpnn_sequences.json,100,success,2025-10-03T14:51:55.850337,2025-10-03T14:51:58.429186,2.6,70.66,0.2639,0.530,False,"pLDDT=70.7, PTM=0.264"
backbone_backbone_0011_proteinmpnn_005,proteinmpnn_sequences.json,100,success,2025-10-03T14:51:59.076342,2025-10-03T14:52:01.514200,2.4,71.14,0.2617,0.532,False,"pLDDT=71.1, PTM=0.262"
backbone_backbone_0011_proteinmpnn_006,proteinmpnn_sequences.json,100,success,2025-10-03T14:52:02.179416,2025-10-03T14:52:04.641842,2.5,66.17,0.2614,0.502,False,"pLDDT=66.2, PTM=0.261"
backbone_backbone_0011_proteinmpnn_007,proteinmpnn_sequences.json,100,success,2025-10-03T14:52:05.272153,2025-10-03T14:52:07.711667,2.4,72.47,0.2737,0.544,False,"pLDDT=72.5, PTM=0.274"
backbone_backbone_0011_proteinmpnn_008,proteinmpnn_sequences.json,100,success,2025-10-03T14:52:08.370670,2025-10-03T14:52:10.923982,2.6,86.19,0.4576,0.700,False,"pLDDT=86.2, PTM=0.458"
backbone_backbone_0012_proteinmpnn_001,proteinmpnn_sequences.json,100,success,2025-10-03T14:52:11.559902,2025-10-03T14:52:13.996783,2.4,78.41,0.3902,0.627,False,"pLDDT=78.4, PTM=0.390"
backbone_backbone_0012_proteinmpnn_002,proteinmpnn_sequences.json,100,success,2025-10-03T14:52:14.977012,2025-10-03T14:52:17.403478,2.4,81.74,0.4624,0.675,False,"pLDDT=81.7, PTM=0.462"
backbone_backbone_0012_proteinmpnn_003,proteinmpnn_sequences.json,100,success,2025-10-03T14:52:18.066717,2025-10-03T14:52:20.564156,2.5,63.34,0.3268,0.511,False,"pLDDT=63.3, PTM=0.327"
backbone_backbone_0012_proteinmpnn_004,proteinmpnn_sequences.json,100,success,2025-10-03T14:52:21.537937,2025-10-03T14:52:23.984698,2.4,65.90,0.3584,0.539,False,"pLDDT=65.9, PTM=0.358"
backbone_backbone_0012_proteinmpnn_005,proteinmpnn_sequences.json,100,success,2025-10-03T14:52:24.660669,2025-10-03T14:52:27.097693,2.4,68.99,0.3506,0.554,False,"pLDDT=69.0, PTM=0.351"
backbone_backbone_0012_proteinmpnn_006,proteinmpnn_sequences.json,100,success,2025-10-03T14:52:27.738028,2025-10-03T14:52:30.175057,2.4,65.51,0.2933,0.510,False,"pLDDT=65.5, PTM=0.293"
backbone_backbone_0012_proteinmpnn_007,proteinmpnn_sequences.json,100,success,2025-10-03T14:52:30.875098,2025-10-03T14:52:33.410142,2.5,64.92,0.4118,0.554,False,"pLDDT=64.9, PTM=0.412"
backbone_backbone_0012_proteinmpnn_008,proteinmpnn_sequences.json,100,success,2025-10-03T14:52:34.310523,2025-10-03T14:52:36.739245,2.4,61.82,0.3289,0.502,False,"pLDDT=61.8, PTM=0.329"
backbone_backbone_0013_proteinmpnn_001,proteinmpnn_sequences.json,100,success,2025-10-03T14:52:37.421301,2025-10-03T14:52:39.851810,2.4,72.81,0.3053,0.559,False,"pLDDT=72.8, PTM=0.305"
backbone_backbone_0013_proteinmpnn_002,proteinmpnn_sequences.json,100,success,2025-10-03T14:52:40.527590,2025-10-03T14:52:42.951210,2.4,73.36,0.3965,0.599,False,"pLDDT=73.4, PTM=0.396"
backbone_backbone_0013_proteinmpnn_003,proteinmpnn_sequences.json,100,success,2025-10-03T14:52:43.905192,2025-10-03T14:52:46.463334,2.6,74.16,0.3732,0.594,False,"pLDDT=74.2, PTM=0.373"
backbone_backbone_0013_proteinmpnn_004,proteinmpnn_sequences.json,100,success,2025-10-03T14:52:47.130500,2025-10-03T14:52:49.561460,2.4,79.16,0.3733,0.624,False,"pLDDT=79.2, PTM=0.373"
backbone_backbone_0013_proteinmpnn_005,proteinmpnn_sequences.json,100,success,2025-10-03T14:52:50.218148,2025-10-03T14:52:52.653056,2.4,60.35,0.4318,0.535,False,"pLDDT=60.4, PTM=0.432"
backbone_backbone_0013_proteinmpnn_006,proteinmpnn_sequences.json,100,success,2025-10-03T14:52:53.320631,2025-10-03T14:52:55.751427,2.4,60.16,0.2371,0.456,False,"pLDDT=60.2, PTM=0.237"
backbone_backbone_0013_proteinmpnn_007,proteinmpnn_sequences.json,100,success,2025-10-03T14:52:56.714396,2025-10-03T14:52:59.207745,2.5,64.68,0.3606,0.532,False,"pLDDT=64.7, PTM=0.361"
backbone_backbone_0013_proteinmpnn_008,proteinmpnn_sequences.json,100,success,2025-10-03T14:52:59.860679,2025-10-03T14:53:02.302875,2.4,62.16,0.2613,0.477,False,"pLDDT=62.2, PTM=0.261"
backbone_backbone_0014_proteinmpnn_001,proteinmpnn_sequences.json,100,success,2025-10-03T14:53:02.974144,2025-10-03T14:53:05.404480,2.4,52.93,0.2825,0.431,False,"pLDDT=52.9, PTM=0.282"
backbone_backbone_0014_proteinmpnn_002,proteinmpnn_sequences.json,100,success,2025-10-03T14:53:06.085321,2025-10-03T14:53:08.606842,2.5,60.03,0.2211,0.449,False,"pLDDT=60.0, PTM=0.221"
backbone_backbone_0014_proteinmpnn_003,proteinmpnn_sequences.json,100,success,2025-10-03T14:53:09.611992,2025-10-03T14:53:12.034921,2.4,56.30,0.3423,0.475,False,"pLDDT=56.3, PTM=0.342"
backbone_backbone_0014_proteinmpnn_004,proteinmpnn_sequences.json,100,success,2025-10-03T14:53:12.687127,2025-10-03T14:53:15.113453,2.4,49.86,0.2961,0.418,False,"pLDDT=49.9, PTM=0.296"
backbone_backbone_0014_proteinmpnn_005,proteinmpnn_sequences.json,100,success,2025-10-03T14:53:16.089819,2025-10-03T14:53:18.521183,2.4,58.68,0.3474,0.491,False,"pLDDT=58.7, PTM=0.347"
backbone_backbone_0014_proteinmpnn_006,proteinmpnn_sequences.json,100,success,2025-10-03T14:53:19.200232,2025-10-03T14:53:21.811127,2.6,58.42,0.3440,0.488,False,"pLDDT=58.4, PTM=0.344"
backbone_backbone_0014_proteinmpnn_007,proteinmpnn_sequences.json,100,success,2025-10-03T14:53:22.491602,2025-10-03T14:53:24.925692,2.4,52.51,0.2818,0.428,False,"pLDDT=52.5, PTM=0.282"
backbone_backbone_0014_proteinmpnn_008,proteinmpnn_sequences.json,100,success,2025-10-03T14:53:25.576612,2025-10-03T14:53:27.998844,2.4,49.50,0.1427,0.354,False,"pLDDT=49.5, PTM=0.143"
backbone_backbone_0015_proteinmpnn_001,proteinmpnn_sequences.json,100,success,2025-10-03T14:53:28.717787,2025-10-03T14:53:31.139863,2.4,74.47,0.3643,0.593,False,"pLDDT=74.5, PTM=0.364"
backbone_backbone_0015_proteinmpnn_002,proteinmpnn_sequences.json,100,success,2025-10-03T14:53:31.943025,2025-10-03T14:53:34.485682,2.5,72.77,0.4971,0.635,False,"pLDDT=72.8, PTM=0.497"
backbone_backbone_0015_proteinmpnn_003,proteinmpnn_sequences.json,100,success,2025-10-03T14:53:35.168930,2025-10-03T14:53:37.591189,2.4,76.49,0.3966,0.618,False,"pLDDT=76.5, PTM=0.397"
backbone_backbone_0015_proteinmpnn_004,proteinmpnn_sequences.json,100,success,2025-10-03T14:53:38.230900,2025-10-03T14:53:40.656522,2.4,68.94,0.3078,0.537,False,"pLDDT=68.9, PTM=0.308"
backbone_backbone_0015_proteinmpnn_005,proteinmpnn_sequences.json,100,success,2025-10-03T14:53:41.306664,2025-10-03T14:53:43.783862,2.5,72.68,0.3306,0.568,False,"pLDDT=72.7, PTM=0.331"
backbone_backbone_0015_proteinmpnn_006,proteinmpnn_sequences.json,100,success,2025-10-03T14:53:45.119905,2025-10-03T14:53:47.570080,2.5,64.63,0.2782,0.499,False,"pLDDT=64.6, PTM=0.278"
backbone_backbone_0015_proteinmpnn_007,proteinmpnn_sequences.json,100,success,2025-10-03T14:53:48.207206,2025-10-03T14:53:50.650520,2.4,62.14,0.4757,0.563,False,"pLDDT=62.1, PTM=0.476"
backbone_backbone_0015_proteinmpnn_008,proteinmpnn_sequences.json,100,success,2025-10-03T14:53:51.307919,2025-10-03T14:53:53.756103,2.4,62.54,0.3816,0.528,False,"pLDDT=62.5, PTM=0.382"
backbone_backbone_0016_proteinmpnn_001,proteinmpnn_sequences.json,100,success,2025-10-03T14:53:54.393521,2025-10-03T14:53:56.997442,2.6,66.71,0.2721,0.509,False,"pLDDT=66.7, PTM=0.272"
backbone_backbone_0016_proteinmpnn_002,proteinmpnn_sequences.json,100,success,2025-10-03T14:53:57.655844,2025-10-03T14:54:00.077650,2.4,64.63,0.2759,0.498,False,"pLDDT=64.6, PTM=0.276"
backbone_backbone_0016_proteinmpnn_003,proteinmpnn_sequences.json,100,success,2025-10-03T14:54:00.711787,2025-10-03T14:54:03.145262,2.4,61.26,0.2656,0.474,False,"pLDDT=61.3, PTM=0.266"
backbone_backbone_0016_proteinmpnn_004,proteinmpnn_sequences.json,100,success,2025-10-03T14:54:03.782421,2025-10-03T14:54:06.224257,2.4,60.89,0.2384,0.461,False,"pLDDT=60.9, PTM=0.238"
backbone_backbone_0016_proteinmpnn_005,proteinmpnn_sequences.json,100,success,2025-10-03T14:54:06.871340,2025-10-03T14:54:09.443952,2.6,68.09,0.4284,0.580,False,"pLDDT=68.1, PTM=0.428"
backbone_backbone_0016_proteinmpnn_006,proteinmpnn_sequences.json,100,success,2025-10-03T14:54:10.082083,2025-10-03T14:54:12.513910,2.4,74.25,0.3682,0.593,False,"pLDDT=74.2, PTM=0.368"
backbone_backbone_0016_proteinmpnn_007,proteinmpnn_sequences.json,100,success,2025-10-03T14:54:13.142810,2025-10-03T14:54:15.580800,2.4,65.06,0.4342,0.564,False,"pLDDT=65.1, PTM=0.434"
backbone_backbone_0016_proteinmpnn_008,proteinmpnn_sequences.json,100,success,2025-10-03T14:54:16.543426,2025-10-03T14:54:19.109294,2.6,85.32,0.4576,0.695,False,"pLDDT=85.3, PTM=0.458"
backbone_backbone_0017_proteinmpnn_001,proteinmpnn_sequences.json,100,success,2025-10-03T14:54:20.196648,2025-10-03T14:54:22.801784,2.6,87.83,0.5101,0.731,True,"pLDDT=87.8, PTM=0.510"
backbone_backbone_0017_proteinmpnn_002,proteinmpnn_sequences.json,100,success,2025-10-03T14:54:23.444071,2025-10-03T14:54:25.871499,2.4,86.22,0.6655,0.784,True,"pLDDT=86.2, PTM=0.666"
backbone_backbone_0017_proteinmpnn_003,proteinmpnn_sequences.json,100,success,2025-10-03T14:54:26.544697,2025-10-03T14:54:28.973892,2.4,70.09,0.2968,0.539,False,"pLDDT=70.1, PTM=0.297"
backbone_backbone_0017_proteinmpnn_004,proteinmpnn_sequences.json,100,success,2025-10-03T14:54:29.641494,2025-10-03T14:54:32.139495,2.5,86.44,0.6611,0.783,True,"pLDDT=86.4, PTM=0.661"
backbone_backbone_0017_proteinmpnn_005,proteinmpnn_sequences.json,100,success,2025-10-03T14:54:33.108154,2025-10-03T14:54:35.601527,2.5,74.03,0.3071,0.567,False,"pLDDT=74.0, PTM=0.307"
backbone_backbone_0017_proteinmpnn_006,proteinmpnn_sequences.json,100,success,2025-10-03T14:54:36.247267,2025-10-03T14:54:38.681115,2.4,84.00,0.3766,0.655,False,"pLDDT=84.0, PTM=0.377"
backbone_backbone_0017_proteinmpnn_007,proteinmpnn_sequences.json,100,success,2025-10-03T14:54:39.319218,2025-10-03T14:54:41.750787,2.4,73.36,0.2979,0.559,False,"pLDDT=73.4, PTM=0.298"
backbone_backbone_0017_proteinmpnn_008,proteinmpnn_sequences.json,100,success,2025-10-03T14:54:42.413154,2025-10-03T14:54:44.932569,2.5,73.03,0.2780,0.549,False,"pLDDT=73.0, PTM=0.278"
backbone_backbone_0018_proteinmpnn_001,proteinmpnn_sequences.json,100,success,2025-10-03T14:54:46.046509,2025-10-03T14:54:48.484543,2.4,72.74,0.2974,0.555,False,"pLDDT=72.7, PTM=0.297"
backbone_backbone_0018_proteinmpnn_002,proteinmpnn_sequences.json,100,success,2025-10-03T14:54:49.127287,2025-10-03T14:54:51.561432,2.4,86.43,0.4240,0.688,False,"pLDDT=86.4, PTM=0.424"
backbone_backbone_0018_proteinmpnn_003,proteinmpnn_sequences.json,100,success,2025-10-03T14:54:52.238333,2025-10-03T14:54:54.686127,2.4,68.53,0.3630,0.556,False,"pLDDT=68.5, PTM=0.363"
backbone_backbone_0018_proteinmpnn_004,proteinmpnn_sequences.json,100,success,2025-10-03T14:54:55.336386,2025-10-03T14:54:57.926756,2.6,83.02,0.6375,0.753,True,"pLDDT=83.0, PTM=0.638"
backbone_backbone_0018_proteinmpnn_005,proteinmpnn_sequences.json,100,success,2025-10-03T14:54:58.681304,2025-10-03T14:55:01.120699,2.4,73.86,0.2561,0.546,False,"pLDDT=73.9, PTM=0.256"
backbone_backbone_0018_proteinmpnn_006,proteinmpnn_sequences.json,100,success,2025-10-03T14:55:01.810880,2025-10-03T14:55:04.257430,2.4,78.32,0.4151,0.636,False,"pLDDT=78.3, PTM=0.415"
backbone_backbone_0018_proteinmpnn_007,proteinmpnn_sequences.json,100,success,2025-10-03T14:55:04.913909,2025-10-03T14:55:07.351986,2.4,77.59,0.3205,0.594,False,"pLDDT=77.6, PTM=0.321"
backbone_backbone_0018_proteinmpnn_008,proteinmpnn_sequences.json,100,success,2025-10-03T14:55:08.458665,2025-10-03T14:55:10.958877,2.5,79.99,0.3543,0.622,False,"pLDDT=80.0, PTM=0.354"
backbone_backbone_0019_proteinmpnn_001,proteinmpnn_sequences.json,100,success,2025-10-03T14:55:11.626246,2025-10-03T14:55:14.051130,2.4,73.38,0.3612,0.585,False,"pLDDT=73.4, PTM=0.361"
backbone_backbone_0019_proteinmpnn_002,proteinmpnn_sequences.json,100,success,2025-10-03T14:55:14.723961,2025-10-03T14:55:17.148690,2.4,61.37,0.1887,0.444,False,"pLDDT=61.4, PTM=0.189"
backbone_backbone_0019_proteinmpnn_003,proteinmpnn_sequences.json,100,success,2025-10-03T14:55:18.113935,2025-10-03T14:55:20.667128,2.6,62.23,0.2188,0.461,False,"pLDDT=62.2, PTM=0.219"
backbone_backbone_0019_proteinmpnn_004,proteinmpnn_sequences.json,100,success,2025-10-03T14:55:21.523554,2025-10-03T14:55:23.958312,2.4,64.75,0.2135,0.474,False,"pLDDT=64.7, PTM=0.213"
backbone_backbone_0019_proteinmpnn_005,proteinmpnn_sequences.json,100,success,2025-10-03T14:55:24.632310,2025-10-03T14:55:27.074526,2.4,67.29,0.2832,0.517,False,"pLDDT=67.3, PTM=0.283"
backbone_backbone_0019_proteinmpnn_006,proteinmpnn_sequences.json,100,success,2025-10-03T14:55:27.725441,2025-10-03T14:55:30.168662,2.4,84.42,0.4788,0.698,False,"pLDDT=84.4, PTM=0.479"
backbone_backbone_0019_proteinmpnn_007,proteinmpnn_sequences.json,100,success,2025-10-03T14:55:30.845240,2025-10-03T14:55:33.415477,2.6,63.12,0.2224,0.468,False,"pLDDT=63.1, PTM=0.222"
backbone_backbone_0019_proteinmpnn_008,proteinmpnn_sequences.json,100,success,2025-10-03T14:55:34.081041,2025-10-03T14:55:36.499146,2.4,59.72,0.1888,0.434,False,"pLDDT=59.7, PTM=0.189"
